1, 'motif I', 'helicase', 'super family 1', '[FHILVWY]-x-G-x-P-G-x-G-K-[ST]-x(0,2)-[FHILVWY]', NULL;
2, 'motif II', 'helicase', 'super family 1', '[FHILVWY]-[FHILVWY]-[FHILVWY]-D-E-x(0,2)-[FHILVWY]', NULL;
3, 'motif III', 'helicase', 'super family 1', '[FHILVWY]-[FHILVWY]-[FHILVWY]-[FHILVWY]-G-D-x(2)-Q', NULL;
4, 'motif V', 'helicase', 'super family 1', 'T-[FHILVWY]-x(3)-Q-G-x-T-[FHILVWY]-x(2)-V-x-[FHILVWY]-[FHILVWY]', NULL;
5, 'motif VI', 'helicase', 'super family 1', '[FHILVWY]-x(0,2)-V-A-[ILV]-T-R', NULL;
6, 'motif I', 'helicase', 'super family 2', 'G-x-G-K-[ST]', NULL;
7, 'motif Ia', 'helicase', 'super family 2', 'L-x-P-T-R-x-V-x(2)-E', NULL;
8, 'motif II', 'helicase', 'super family 2', 'D-E-x-H-x(2)-[DN] ', NULL;
9, 'motif III', 'helicase', 'super family 2', '[TS]-A-T-P-P-G', NULL;
10, 'motif IV', 'helicase', 'super family 2', '[ILV]-[FHILVWY]-[FHILVWY]-[ILV]-P-S', NULL;
11, 'motif V', 'helicase', 'super family 2', '[FHILVWY]-[ILV]-[FHILVWY]-x-T-D-[FHILVWY]-x-E-x-G-[ILV]-x-[FHILVWY]-x(4)-[ILV]-[ILV]', NULL;
12, 'motif VI', 'helicase', 'super family 2', 'Q-R-x-G-R-[ILV]-G-R', NULL;
13, 'motif A', 'polymerase', 'mononegavirales', '[SAHCT]-[ASCTFILYVM]-[FIVASN]-x(1,2)-[TLIM]-D-[LYFI]-[KQTAESVN]-[KSQ]-[YFW]', NULL;
14, 'motif B', 'polymerase', 'mononegavirales', '[GTAS]-[GM]-[IVGLK]-E-G-[YLMFW]-[CSQR]-Q-[KY]-[LTMAFGV]-W-[TS]-[ILMSC]', NULL;
15, 'motif C', 'polymerase', 'mononegavirales', '[QNMG]-G-[DE]-N-[QEV]', NULL;
16, 'motif I', 'endonuclease', '', 'L-x(2)-D-I-E', NULL;
17, 'motif II', 'endonuclease', '', 'D-x(3)-T-X-N-G', NULL;
18, 'motif III', 'endonuclease', '', 'Y-x(3)-[DG]', NULL;
19, 'motif A', 'polymerase', 'poxiviridae like', 'R-[RS]-x(4)-I', NULL;
20, 'motif B', 'polymerase', 'poxiviridae like', 'K-[FHILVWY]-[FHILVWY]-A-N-S', NULL;
21, 'motif C', 'polymerase', 'poxiviridae like', 'Y-[GA]-D-T-D-x(2)-F', NULL;
28, 'motif pre-motif', 'polymerase', 'phlebovirus', '[RK]-K-[NQ]-Q-H-G-G', NULL;
29, 'motif A', 'polymerase', 'phlebovirus', 'S-D-D-x-x-K', NULL;
23, 'motif CCCH', 'zinc finger', 'CCCH', 'C-X(7)-C-x(5)-C-x(3)-H-x(30,40)-S-x(2)-S', 'transcription processivity factor';
24, 'motif furin', 'cleavage site', '', 'R-A-[RK]-R-x(23)-R-K-R-R', '';
25, 'motif I', 'trigger sequences motifs retrivied in coiled coil', '', '[LVI]-[DE]-x-I-x-[RK]', 'Potential trigger sequences motifs retrieved in coiled-coil (pmid 9524112 /9811815)';
26, 'motif II', 'trigger sequences motifs retrivied in coiled coil', '', '[LVI]-x-[DE]-I-x-[RK] ', 'Potential trigger sequences motifs retrieved in coiled-coil (pmid 9524112 /9811815) ';
38, 'motif', 'nucleocapsid', 'paramyxovirinae', 'F-x(4)-Y-x(3)-[FYW]-S-[FYW]-A-M-G', 'adapted from Morgan E.M 1991. Evolutionary relationships of Paramyxovirus nucleocapsid-associated proteins, in Kingsburry: D.W.(ed), The Paramyxovirses,Plenum Press, New York, pp.347-382';
27, 'motif zinc binding', 'zinc binding', 'paramyxoviridae', 'H-R-R-E-x(11)-[VI]-x(2)-[FW]-C-N-P-x-C-x(2)-[IV]-x(8)-C-x-C-x(2)-C-P-x(2)-C-x(2)-C', NULL;
30, 'motif B', 'polymerase', 'phlebovirus', 'G-[FM]-M-Q-G', NULL;
31, 'motif C', 'polymerase', 'phlebovirus', 'S-D-D', NULL;
32, 'TYR_PHOSPHO_SITE', 'Tyrosine kinase phosphorylation site', '', '[RK]-x(2,3)-[DE]-x(2,3)-Y', 'AC PS00007';
33, 'motif X', 'methyltransferase', 'coronavirus', '[AV]-K-Y-T', 'Part of the catalytic tetrad K D K E';
34, 'motif I', 'methyltransferase', 'coronavirus', 'G-V-A-P-G', 'Sam Binding motif';
35, 'motif IV', 'methyltransferase', 'coronavirus', 'D-[MI]-Y', 'Part of the catalytic tetrad K D K E and Sam Binding motif ';
36, 'motif VI', 'methyltransferase', 'coronavirus', 'K-[VI]-T-E', 'Part of the catalytic tetrad K D K E';
37, 'motif VIII', 'methyltransferase', 'coronavirus', 'E-[AG]-F-[LV]-[IV]', 'part of the catalytic tetrad';
39, 'motif furine protease', 'protease furine', 'cellulaire', 'R-[KR]-[KR]-R', NULL;
40, 'SAF-Box', 'DNA binding Motif', 'Structural Signature', '[LMFW]-[KRTI]-V-x-[EDVQ]-L-[KR]-x(2)-[VL]-x(2)-[KR]-x-[LVI]-x(3)-G-x-K-x(2)-L-x(2)-R-L-x(2)-[AVDH]', 'PMID: 11003645';
41, 'motif A', 'polymerase', 'Togaviridae', 'E-x-D-x(3)-F-D', NULL;
42, 'motif B', 'polymerase', 'Togaviridae', 'S-G-x(3)-T-L', NULL;
44, 'motif E', 'polymerase', 'Togaviridae', 'W-x(3)-E-V', NULL;
43, 'motif C', 'polymerase', 'Togaviridae', 'G-D-D-[NM]-[IVL]-[IVL]', NULL;
45, 'cleavage site Arenavirus', 'cleavage site', 'Arenaviridae', 'R-X-[LIV]-L', NULL;
46, 'motif A', 'polymerase', 'orthomyxoviridae', 'T-G-D-N', NULL;
47, 'motif B', 'polymerase', 'orthomyxoviridae', 'P-G-M-M-M', NULL;
48, 'motif C', 'polymerase', 'orthomyxoviridae', 'S-S-D-D-F', NULL;
50, 'motif G', 'polymerase', 'coronavirus/arterivirus', '[KDN]-[KDN]-S-x(0,1)-A-G-[FYIW]', NULL;
52, "motif C\'", 'polymerase', 'coronavirus/arterivirus', 'Y-G-G-W-[HD]', 'ONLY IN CORONAVIRUS';
53, 'motif A', 'polymerase', 'coronavirus/arterivirus', 'D-x-x-x-C-D-R', NULL;
54, 'motif B', 'polymerase', 'coronavirus/arterivirus', 'G-G-x-x-S-G-D-x-[TVI]-T-[AS]', NULL;
55, 'motif C', 'polymerase', 'coronavirus/arterivirus', 'S-D-D', NULL;
56, 'motif E', 'polymerase', 'coronavirus/arterivirus', 'H-E-F-C-S-Q', 'ONLY IN CORONAVIRUS';
57, 'motif F', 'polymerase', 'coronavirus/arterivirus', 'K-x(3)-R-[ST]-[IV]-x-G', NULL;
58, 'motif I', 'exonuclease', 'coronavirus', 'D-x-E', NULL;
59, 'motif II', 'exonuclease', 'coronavirus', 'H-x(4)-D', NULL;
60, 'motif III', 'exonuclease', 'coronavirus', 'H-x-A-x(2)-D', NULL;
61, 'Motif Acid phosphatase', 'Acid phosphatase', '', 'K-x(6)-R-P-x(12,54)-P-S-G-H-x(31,54)-S-R-x(5)-H-x(3)-D', NULL;
